Workbook

Sheet EmpTable
A1: Full Name | B1: Email | C1: Department | D1: Join Date | E1: End Date | F1: Salary | G1: Bonus %
A2: Employee 1 | B2: NA | C2: Sales | D2: 44844 | E2: 44895 | F2: 86422 | G2: 0.06
A3: Employee 2 | B3: emp2@company.com | C3: Finance | D3: 45182 | E3: 45224 | F3: 45795 | G3: 0.12
A4: Employee 3 | B4: emp3@company.com | C4: NA | D4: 44784 | E4: 44806 | F4: 30860 | G4: 0.13
A5: Employee 4 | B5: emp4@company.com | C5: IT | D5: 44723 | E5: 44777 | F5: 68158 | G5: 0.1
A6: Employee 5 | B6: emp5@company.com | C6: HR | D6: 45077 | E6: 45101 | F6: 84343 | G6: 0.22
A7: Employee 6 | B7: emp6@company.com | C7: NA | D7: 44722 | E7: 44778 | F7: 74732 | G7: 0.12
A8: Employee 7 | B8: emp7@company.com | C8: Finance | D8: 44940 | E8: 44962 | F8: 41284 | G8: 0.11
A9: Employee 8 | B9: emp8@company.com | C9: HR | D9: 44710 | E9: 44753 | F9: 84886 | G9: 0.16
A10: Employee 9 | B10: emp9@company.com | C10: Finance | D10: 45205 | E10: 45217 | F10: 36265 | G10: 0.08
A11: Employee 10 | B11: emp10@company.com | C11: Marketing | D11: 45057 | E11: 45105 | F11: 46850 | G11: 0.21
A12: Employee 11 | B12: emp11@company.com | C12: NA | D12: 44918 | E12: 44938 | F12: 67194 | G12: 0.06
A13: Employee 12 | B13: emp12@company.com | C13: Sales | D13: 44923 | E13: 44946 | F13: 51962 | G13: 0.25
... A101: Employee 100 | B101: emp100@company.com | C101: Finance | D101: 45119 | E101: 45140 | F101: 55851 | G101: 0.2

Sheet DepartmentData
A1: Department | B1: Department Head | C1: Location
A2: HR | B2: Alice | C2: Mumbai
A3: Sales | B3: Bob | C3: Delhi
A4: Marketing | B4: Charlie | C4: Bangalore
A5: IT | B5: Diana | C5: Hyderabad
A6: Finance | B6: Ethan | C6: Pune

Sheet MoreEmployees
A1: Full Name | B1: Email | C1: Department | D1: Join Date | E1: End Date | F1: Salary | G1: Bonus %
A2: New Employee 101 | B2: newemp101@company.com | C2: Marketing | D2: 45329 | E2: 45483 | F2: 44688 | G2: 0.21
A3: New Employee 102 | B3: newemp102@company.com | C3: Finance | D3: 45453 | E3: 45475 | F3: 57342 | G3: 0.08
A4: New Employee 103 | B4: newemp103@company.com | C4: Finance | D4: 45299 | E4: 45486 | F4: 69157 | G4: 0.15
A5: New Employee 104 | B5: newemp104@company.com | C5: Sales | D5: 45303 | E5: 45498 | F5: 34327 | G5: 0.19
A6: New Employee 105 | B6: newemp105@company.com | C6: Marketing | D6: 45384 | E6: 45479 | F6: 72772 | G6: 0.22
A7: New Employee 106 | B7: newemp106@company.com | C7: Sales | D7: 45410 | E7: 45497 | F7: 72545 | G7: 0.12
A8: New Employee 107 | B8: newemp107@company.com | C8: Finance | D8: 45445 | E8: 45495 | F8: 32197 | G8: 0.09
A9: New Employee 108 | B9: newemp108@company.com | C9: HR | D9: 45299 | E9: 45476 | F9: 55509 | G9: 0.19
A10: New Employee 109 | B10: newemp109@company.com | C10: HR | D10: 45390 | E10: 45499 | F10: 66698 | G10: 0.21
A11: New Employee 110 | B11: newemp110@company.com | C11: IT | D11: 45359 | E11: 45490 | F11: 47087 | G11: 0.12

Sheet Sheet1
A1: Sr.No | B1: Full Name | C1: EmpID | D1: EmpDomain | E1: Department | F1: Join Date | G1: End Date | H1: Salary | I1: Bonus % | J1: Bonus Amount | K1: Department Head | L1: Location | M1: Email
A2: =ROW()-1 -> 1 | B2: =EmpTable!A2 -> Employee 1 | C2: =IF(EXACT(EmpTable!B2,"NA"),"emp"&A2,LEFT(EmpTable!B2,FIND("@",EmpTable!B2)-1)) -> emp1 | D2: =IF(EXACT(EmpTable!B2,"NA"),"company.com",MID(EmpTable!B2,FIND("@",EmpTable!B2)+1,50)) -> company.com | E2: =EmpTable!C2 -> Sales | F2: =EmpTable!D2 -> 44844 | G2: =EmpTable!E2 -> 44895 | H2: =EmpTable!F2 -> 86422 | I2: =EmpTable!G2 -> 0.06 | J2: =H2*I2 -> 5185.32 | K2: =IFERROR(INDEX(DepartmentData!$B$2:$B$6,MATCH(E2,DepartmentData!$A$2:$A$6,0)),"") -> Bob | L2: =IFERROR(INDEX(DepartmentData!$C$2:$C$6,MATCH(E2,DepartmentData!$A$2:$A$6,0)),"") -> Delhi | M2: =IF(EXACT(EmpTable!B2,"NA"),C2&"@"&D2,EmpTable!B2) -> emp1@company.com
A3: =ROW()-1 -> 2 | B3: =EmpTable!A3 -> Employee 2 | C3: =IF(EXACT(EmpTable!B3,"NA"),"emp"&A3,LEFT(EmpTable!B3,FIND("@",EmpTable!B3)-1)) -> emp2 | D3: =IF(EXACT(EmpTable!B3,"NA"),"company.com",MID(EmpTable!B3,FIND("@",EmpTable!B3)+1,50)) -> company.com | E3: =EmpTable!C3 -> Finance | F3: =EmpTable!D3 -> 45182 | G3: =EmpTable!E3 -> 45224 | H3: =EmpTable!F3 -> 45795 | I3: =EmpTable!G3 -> 0.12 | J3: =H3*I3 -> 5495.4 | K3: =IFERROR(INDEX(DepartmentData!$B$2:$B$6,MATCH(E3,DepartmentData!$A$2:$A$6,0)),"") -> Ethan | L3: =IFERROR(INDEX(DepartmentData!$C$2:$C$6,MATCH(E3,DepartmentData!$A$2:$A$6,0)),"") -> Pune | M3: =IF(EXACT(EmpTable!B3,"NA"),C3&"@"&D3,EmpTable!B3) -> emp2@company.com
A4: =ROW()-1 -> 3 | B4: =EmpTable!A4 -> Employee 3 | C4: =IF(EXACT(EmpTable!B4,"NA"),"emp"&A4,LEFT(EmpTable!B4,FIND("@",EmpTable!B4)-1)) -> emp3 | D4: =IF(EXACT(EmpTable!B4,"NA"),"company.com",MID(EmpTable!B4,FIND("@",EmpTable!B4)+1,50)) -> company.com | E4: =EmpTable!C4 -> NA | F4: =EmpTable!D4 -> 44784 | G4: =EmpTable!E4 -> 44806 | H4: =EmpTable!F4 -> 30860 | I4: =EmpTable!G4 -> 0.13 | J4: =H4*I4 -> 4011.8 | K4: =IFERROR(INDEX(DepartmentData!$B$2:$B$6,MATCH(E4,DepartmentData!$A$2:$A$6,0)),"") | L4: =IFERROR(INDEX(DepartmentData!$C$2:$C$6,MATCH(E4,DepartmentData!$A$2:$A$6,0)),"") | M4: =IF(EXACT(EmpTable!B4,"NA"),C4&"@"&D4,EmpTable!B4) -> emp3@company.com
A5: =ROW()-1 -> 4 | B5: =EmpTable!A5 -> Employee 4 | C5: =IF(EXACT(EmpTable!B5,"NA"),"emp"&A5,LEFT(EmpTable!B5,FIND("@",EmpTable!B5)-1)) -> emp4 | D5: =IF(EXACT(EmpTable!B5,"NA"),"company.com",MID(EmpTable!B5,FIND("@",EmpTable!B5)+1,50)) -> company.com | E5: =EmpTable!C5 -> IT | F5: =EmpTable!D5 -> 44723 | G5: =EmpTable!E5 -> 44777 | H5: =EmpTable!F5 -> 68158 | I5: =EmpTable!G5 -> 0.1 | J5: =H5*I5 -> 6815.8 | K5: =IFERROR(INDEX(DepartmentData!$B$2:$B$6,MATCH(E5,DepartmentData!$A$2:$A$6,0)),"") -> Diana | L5: =IFERROR(INDEX(DepartmentData!$C$2:$C$6,MATCH(E5,DepartmentData!$A$2:$A$6,0)),"") -> Hyderabad | M5: =IF(EXACT(EmpTable!B5,"NA"),C5&"@"&D5,EmpTable!B5) -> emp4@company.com
A6: =ROW()-1 -> 5 | B6: =EmpTable!A6 -> Employee 5 | C6: =IF(EXACT(EmpTable!B6,"NA"),"emp"&A6,LEFT(EmpTable!B6,FIND("@",EmpTable!B6)-1)) -> emp5 | D6: =IF(EXACT(EmpTable!B6,"NA"),"company.com",MID(EmpTable!B6,FIND("@",EmpTable!B6)+1,50)) -> company.com | E6: =EmpTable!C6 -> HR | F6: =EmpTable!D6 -> 45077 | G6: =EmpTable!E6 -> 45101 | H6: =EmpTable!F6 -> 84343 | I6: =EmpTable!G6 -> 0.22 | J6: =H6*I6 -> 18555.46 | K6: =IFERROR(INDEX(DepartmentData!$B$2:$B$6,MATCH(E6,DepartmentData!$A$2:$A$6,0)),"") -> Alice | L6: =IFERROR(INDEX(DepartmentData!$C$2:$C$6,MATCH(E6,DepartmentData!$A$2:$A$6,0)),"") -> Mumbai | M6: =IF(EXACT(EmpTable!B6,"NA"),C6&"@"&D6,EmpTable!B6) -> emp5@company.com
A7: =ROW()-1 -> 6 | B7: =EmpTable!A7 -> Employee 6 | C7: =IF(EXACT(EmpTable!B7,"NA"),"emp"&A7,LEFT(EmpTable!B7,FIND("@",EmpTable!B7)-1)) -> emp6 | D7: =IF(EXACT(EmpTable!B7,"NA"),"company.com",MID(EmpTable!B7,FIND("@",EmpTable!B7)+1,50)) -> company.com | E7: =EmpTable!C7 -> NA | F7: =EmpTable!D7 -> 44722 | G7: =EmpTable!E7 -> 44778 | H7: =EmpTable!F7 -> 74732 | I7: =EmpTable!G7 -> 0.12 | J7: =H7*I7 -> 8967.84 | K7: =IFERROR(INDEX(DepartmentData!$B$2:$B$6,MATCH(E7,DepartmentData!$A$2:$A$6,0)),"") | L7: =IFERROR(INDEX(DepartmentData!$C$2:$C$6,MATCH(E7,DepartmentData!$A$2:$A$6,0)),"") | M7: =IF(EXACT(EmpTable!B7,"NA"),C7&"@"&D7,EmpTable!B7) -> emp6@company.com
A8: =ROW()-1 -> 7 | B8: =EmpTable!A8 -> Employee 7 | C8: =IF(EXACT(EmpTable!B8,"NA"),"emp"&A8,LEFT(EmpTable!B8,FIND("@",EmpTable!B8)-1)) -> emp7 | D8: =IF(EXACT(EmpTable!B8,"NA"),"company.com",MID(EmpTable!B8,FIND("@",EmpTable!B8)+1,50)) -> company.com | E8: =EmpTable!C8 -> Finance | F8: =EmpTable!D8 -> 44940 | G8: =EmpTable!E8 -> 44962 | H8: =EmpTable!F8 -> 41284 | I8: =EmpTable!G8 -> 0.11 | J8: =H8*I8 -> 4541.24 | K8: =IFERROR(INDEX(DepartmentData!$B$2:$B$6,MATCH(E8,DepartmentData!$A$2:$A$6,0)),"") -> Ethan | L8: =IFERROR(INDEX(DepartmentData!$C$2:$C$6,MATCH(E8,DepartmentData!$A$2:$A$6,0)),"") -> Pune | M8: =IF(EXACT(EmpTable!B8,"NA"),C8&"@"&D8,EmpTable!B8) -> emp7@company.com
A9: =ROW()-1 -> 8 | B9: =EmpTable!A9 -> Employee 8 | C9: =IF(EXACT(EmpTable!B9,"NA"),"emp"&A9,LEFT(EmpTable!B9,FIND("@",EmpTable!B9)-1)) -> emp8 | D9: =IF(EXACT(EmpTable!B9,"NA"),"company.com",MID(EmpTable!B9,FIND("@",EmpTable!B9)+1,50)) -> company.com | E9: =EmpTable!C9 -> HR | F9: =EmpTable!D9 -> 44710 | G9: =EmpTable!E9 -> 44753 | H9: =EmpTable!F9 -> 84886 | I9: =EmpTable!G9 -> 0.16 | J9: =H9*I9 -> 13581.76 | K9: =IFERROR(INDEX(DepartmentData!$B$2:$B$6,MATCH(E9,DepartmentData!$A$2:$A$6,0)),"") -> Alice | L9: =IFERROR(INDEX(DepartmentData!$C$2:$C$6,MATCH(E9,DepartmentData!$A$2:$A$6,0)),"") -> Mumbai | M9: =IF(EXACT(EmpTable!B9,"NA"),C9&"@"&D9,EmpTable!B9) -> emp8@company.com
A10: =ROW()-1 -> 9 | B10: =EmpTable!A10 -> Employee 9 | C10: =IF(EXACT(EmpTable!B10,"NA"),"emp"&A10,LEFT(EmpTable!B10,FIND("@",EmpTable!B10)-1)) -> emp9 | D10: =IF(EXACT(EmpTable!B10,"NA"),"company.com",MID(EmpTable!B10,FIND("@",EmpTable!B10)+1,50)) -> company.com | E10: =EmpTable!C10 -> Finance | F10: =EmpTable!D10 -> 45205 | G10: =EmpTable!E10 -> 45217 | H10: =EmpTable!F10 -> 36265 | I10: =EmpTable!G10 -> 0.08 | J10: =H10*I10 -> 2901.2 | K10: =IFERROR(INDEX(DepartmentData!$B$2:$B$6,MATCH(E10,DepartmentData!$A$2:$A$6,0)),"") -> Ethan | L10: =IFERROR(INDEX(DepartmentData!$C$2:$C$6,MATCH(E10,DepartmentData!$A$2:$A$6,0)),"") -> Pune | M10: =IF(EXACT(EmpTable!B10,"NA"),C10&"@"&D10,EmpTable!B10) -> emp9@company.com
A11: =ROW()-1 -> 10 | B11: =EmpTable!A11 -> Employee 10 | C11: =IF(EXACT(EmpTable!B11,"NA"),"emp"&A11,LEFT(EmpTable!B11,FIND("@",EmpTable!B11)-1)) -> emp10 | D11: =IF(EXACT(EmpTable!B11,"NA"),"company.com",MID(EmpTable!B11,FIND("@",EmpTable!B11)+1,50)) -> company.com | E11: =EmpTable!C11 -> Marketing | F11: =EmpTable!D11 -> 45057 | G11: =EmpTable!E11 -> 45105 | H11: =EmpTable!F11 -> 46850 | I11: =EmpTable!G11 -> 0.21 | J11: =H11*I11 -> 9838.5 | K11: =IFERROR(INDEX(DepartmentData!$B$2:$B$6,MATCH(E11,DepartmentData!$A$2:$A$6,0)),"") -> Charlie | L11: =IFERROR(INDEX(DepartmentData!$C$2:$C$6,MATCH(E11,DepartmentData!$A$2:$A$6,0)),"") -> Bangalore | M11: =IF(EXACT(EmpTable!B11,"NA"),C11&"@"&D11,EmpTable!B11) -> emp10@company.com
A12: =ROW()-1 -> 11 | B12: =EmpTable!A12 -> Employee 11 | C12: =IF(EXACT(EmpTable!B12,"NA"),"emp"&A12,LEFT(EmpTable!B12,FIND("@",EmpTable!B12)-1)) -> emp11 | D12: =IF(EXACT(EmpTable!B12,"NA"),"company.com",MID(EmpTable!B12,FIND("@",EmpTable!B12)+1,50)) -> company.com | E12: =EmpTable!C12 -> NA | F12: =EmpTable!D12 -> 44918 | G12: =EmpTable!E12 -> 44938 | H12: =EmpTable!F12 -> 67194 | I12: =EmpTable!G12 -> 0.06 | J12: =H12*I12 -> 4031.64 | K12: =IFERROR(INDEX(DepartmentData!$B$2:$B$6,MATCH(E12,DepartmentData!$A$2:$A$6,0)),"") | L12: =IFERROR(INDEX(DepartmentData!$C$2:$C$6,MATCH(E12,DepartmentData!$A$2:$A$6,0)),"") | M12: =IF(EXACT(EmpTable!B12,"NA"),C12&"@"&D12,EmpTable!B12) -> emp11@company.com
A13: =ROW()-1 -> 12 | B13: =EmpTable!A13 -> Employee 12 | C13: =IF(EXACT(EmpTable!B13,"NA"),"emp"&A13,LEFT(EmpTable!B13,FIND("@",EmpTable!B13)-1)) -> emp12 | D13: =IF(EXACT(EmpTable!B13,"NA"),"company.com",MID(EmpTable!B13,FIND("@",EmpTable!B13)+1,50)) -> company.com | E13: =EmpTable!C13 -> Sales | F13: =EmpTable!D13 -> 44923 | G13: =EmpTable!E13 -> 44946 | H13: =EmpTable!F13 -> 51962 | I13: =EmpTable!G13 -> 0.25 | J13: =H13*I13 -> 12990.5 | K13: =IFERROR(INDEX(DepartmentData!$B$2:$B$6,MATCH(E13,DepartmentData!$A$2:$A$6,0)),"") -> Bob | L13: =IFERROR(INDEX(DepartmentData!$C$2:$C$6,MATCH(E13,DepartmentData!$A$2:$A$6,0)),"") -> Delhi | M13: =IF(EXACT(EmpTable!B13,"NA"),C13&"@"&D13,EmpTable!B13) -> emp12@company.com
... A101: =ROW()-1 -> 100 | B101: =EmpTable!A101 -> Employee 100 | C101: =IF(EXACT(EmpTable!B101,"NA"),"emp"&A101,LEFT(EmpTable!B101,FIND("@",EmpTable!B101)-1)) -> emp100 | D101: =IF(EXACT(EmpTable!B101,"NA"),"company.com",MID(EmpTable!B101,FIND("@",EmpTable!B101)+1,50)) -> company.com | E101: =EmpTable!C101 -> Finance | F101: =EmpTable!D101 -> 45119 | G101: =EmpTable!E101 -> 45140 | H101: =EmpTable!F101 -> 55851 | I101: =EmpTable!G101 -> 0.2 | J101: =H101*I101 -> 11170.2 | K101: =IFERROR(INDEX(DepartmentData!$B$2:$B$6,MATCH(E101,DepartmentData!$A$2:$A$6,0)),"") -> Ethan | L101: =IFERROR(INDEX(DepartmentData!$C$2:$C$6,MATCH(E101,DepartmentData!$A$2:$A$6,0)),"") -> Pune | M101: =IF(EXACT(EmpTable!B101,"NA"),C101&"@"&D101,EmpTable!B101) -> emp100@company.com
A102: =ROW()-1 -> 101 | B102: =MoreEmployees!A2 -> New Employee 101 | C102: =IF(EXACT(MoreEmployees!B2,"NA"),"emp"&A102,LEFT(MoreEmployees!B2,FIND("@",MoreEmployees!B2)-1)) -> newemp101 | D102: =IF(EXACT(MoreEmployees!B2,"NA"),"company.com",MID(MoreEmployees!B2,FIND("@",MoreEmployees!B2)+1,50)) -> company.com | E102: =MoreEmployees!C2 -> Marketing | F102: =MoreEmployees!D2 -> 45329 | G102: =MoreEmployees!E2 -> 45483 | H102: =MoreEmployees!F2 -> 44688 | I102: =MoreEmployees!G2 -> 0.21 | J102: =H102*I102 -> 9384.48 | K102: =IFERROR(INDEX(DepartmentData!$B$2:$B$6,MATCH(E102,DepartmentData!$A$2:$A$6,0)),"") -> Charlie | L102: =IFERROR(INDEX(DepartmentData!$C$2:$C$6,MATCH(E102,DepartmentData!$A$2:$A$6,0)),"") -> Bangalore | M102: =IF(EXACT(MoreEmployees!B2,"NA"),C102&"@"&D102,MoreEmployees!B2) -> newemp101@company.com
A103: =ROW()-1 -> 102 | B103: =MoreEmployees!A3 -> New Employee 102 | C103: =IF(EXACT(MoreEmployees!B3,"NA"),"emp"&A103,LEFT(MoreEmployees!B3,FIND("@",MoreEmployees!B3)-1)) -> newemp102 | D103: =IF(EXACT(MoreEmployees!B3,"NA"),"company.com",MID(MoreEmployees!B3,FIND("@",MoreEmployees!B3)+1,50)) -> company.com | E103: =MoreEmployees!C3 -> Finance | F103: =MoreEmployees!D3 -> 45453 | G103: =MoreEmployees!E3 -> 45475 | H103: =MoreEmployees!F3 -> 57342 | I103: =MoreEmployees!G3 -> 0.08 | J103: =H103*I103 -> 4587.36 | K103: =IFERROR(INDEX(DepartmentData!$B$2:$B$6,MATCH(E103,DepartmentData!$A$2:$A$6,0)),"") -> Ethan | L103: =IFERROR(INDEX(DepartmentData!$C$2:$C$6,MATCH(E103,DepartmentData!$A$2:$A$6,0)),"") -> Pune | M103: =IF(EXACT(MoreEmployees!B3,"NA"),C103&"@"&D103,MoreEmployees!B3) -> newemp102@company.com
A104: =ROW()-1 -> 103 | B104: =MoreEmployees!A4 -> New Employee 103 | C104: =IF(EXACT(MoreEmployees!B4,"NA"),"emp"&A104,LEFT(MoreEmployees!B4,FIND("@",MoreEmployees!B4)-1)) -> newemp103 | D104: =IF(EXACT(MoreEmployees!B4,"NA"),"company.com",MID(MoreEmployees!B4,FIND("@",MoreEmployees!B4)+1,50)) -> company.com | E104: =MoreEmployees!C4 -> Finance | F104: =MoreEmployees!D4 -> 45299 | G104: =MoreEmployees!E4 -> 45486 | H104: =MoreEmployees!F4 -> 69157 | I104: =MoreEmployees!G4 -> 0.15 | J104: =H104*I104 -> 10373.55 | K104: =IFERROR(INDEX(DepartmentData!$B$2:$B$6,MATCH(E104,DepartmentData!$A$2:$A$6,0)),"") -> Ethan | L104: =IFERROR(INDEX(DepartmentData!$C$2:$C$6,MATCH(E104,DepartmentData!$A$2:$A$6,0)),"") -> Pune | M104: =IF(EXACT(MoreEmployees!B4,"NA"),C104&"@"&D104,MoreEmployees!B4) -> newemp103@company.com
A105: =ROW()-1 -> 104 | B105: =MoreEmployees!A5 -> New Employee 104 | C105: =IF(EXACT(MoreEmployees!B5,"NA"),"emp"&A105,LEFT(MoreEmployees!B5,FIND("@",MoreEmployees!B5)-1)) -> newemp104 | D105: =IF(EXACT(MoreEmployees!B5,"NA"),"company.com",MID(MoreEmployees!B5,FIND("@",MoreEmployees!B5)+1,50)) -> company.com | E105: =MoreEmployees!C5 -> Sales | F105: =MoreEmployees!D5 -> 45303 | G105: =MoreEmployees!E5 -> 45498 | H105: =MoreEmployees!F5 -> 34327 | I105: =MoreEmployees!G5 -> 0.19 | J105: =H105*I105 -> 6522.13 | K105: =IFERROR(INDEX(DepartmentData!$B$2:$B$6,MATCH(E105,DepartmentData!$A$2:$A$6,0)),"") -> Bob | L105: =IFERROR(INDEX(DepartmentData!$C$2:$C$6,MATCH(E105,DepartmentData!$A$2:$A$6,0)),"") -> Delhi | M105: =IF(EXACT(MoreEmployees!B5,"NA"),C105&"@"&D105,MoreEmployees!B5) -> newemp104@company.com
A106: =ROW()-1 -> 105 | B106: =MoreEmployees!A6 -> New Employee 105 | C106: =IF(EXACT(MoreEmployees!B6,"NA"),"emp"&A106,LEFT(MoreEmployees!B6,FIND("@",MoreEmployees!B6)-1)) -> newemp105 | D106: =IF(EXACT(MoreEmployees!B6,"NA"),"company.com",MID(MoreEmployees!B6,FIND("@",MoreEmployees!B6)+1,50)) -> company.com | E106: =MoreEmployees!C6 -> Marketing | F106: =MoreEmployees!D6 -> 45384 | G106: =MoreEmployees!E6 -> 45479 | H106: =MoreEmployees!F6 -> 72772 | I106: =MoreEmployees!G6 -> 0.22 | J106: =H106*I106 -> 16009.84 | K106: =IFERROR(INDEX(DepartmentData!$B$2:$B$6,MATCH(E106,DepartmentData!$A$2:$A$6,0)),"") -> Charlie | L106: =IFERROR(INDEX(DepartmentData!$C$2:$C$6,MATCH(E106,DepartmentData!$A$2:$A$6,0)),"") -> Bangalore | M106: =IF(EXACT(MoreEmployees!B6,"NA"),C106&"@"&D106,MoreEmployees!B6) -> newemp105@company.com
A107: =ROW()-1 -> 106 | B107: =MoreEmployees!A7 -> New Employee 106 | C107: =IF(EXACT(MoreEmployees!B7,"NA"),"emp"&A107,LEFT(MoreEmployees!B7,FIND("@",MoreEmployees!B7)-1)) -> newemp106 | D107: =IF(EXACT(MoreEmployees!B7,"NA"),"company.com",MID(MoreEmployees!B7,FIND("@",MoreEmployees!B7)+1,50)) -> company.com | E107: =MoreEmployees!C7 -> Sales | F107: =MoreEmployees!D7 -> 45410 | G107: =MoreEmployees!E7 -> 45497 | H107: =MoreEmployees!F7 -> 72545 | I107: =MoreEmployees!G7 -> 0.12 | J107: =H107*I107 -> 8705.4 | K107: =IFERROR(INDEX(DepartmentData!$B$2:$B$6,MATCH(E107,DepartmentData!$A$2:$A$6,0)),"") -> Bob | L107: =IFERROR(INDEX(DepartmentData!$C$2:$C$6,MATCH(E107,DepartmentData!$A$2:$A$6,0)),"") -> Delhi | M107: =IF(EXACT(MoreEmployees!B7,"NA"),C107&"@"&D107,MoreEmployees!B7) -> newemp106@company.com
A108: =ROW()-1 -> 107 | B108: =MoreEmployees!A8 -> New Employee 107 | C108: =IF(EXACT(MoreEmployees!B8,"NA"),"emp"&A108,LEFT(MoreEmployees!B8,FIND("@",MoreEmployees!B8)-1)) -> newemp107 | D108: =IF(EXACT(MoreEmployees!B8,"NA"),"company.com",MID(MoreEmployees!B8,FIND("@",MoreEmployees!B8)+1,50)) -> company.com | E108: =MoreEmployees!C8 -> Finance | F108: =MoreEmployees!D8 -> 45445 | G108: =MoreEmployees!E8 -> 45495 | H108: =MoreEmployees!F8 -> 32197 | I108: =MoreEmployees!G8 -> 0.09 | J108: =H108*I108 -> 2897.73 | K108: =IFERROR(INDEX(DepartmentData!$B$2:$B$6,MATCH(E108,DepartmentData!$A$2:$A$6,0)),"") -> Ethan | L108: =IFERROR(INDEX(DepartmentData!$C$2:$C$6,MATCH(E108,DepartmentData!$A$2:$A$6,0)),"") -> Pune | M108: =IF(EXACT(MoreEmployees!B8,"NA"),C108&"@"&D108,MoreEmployees!B8) -> newemp107@company.com
A109: =ROW()-1 -> 108 | B109: =MoreEmployees!A9 -> New Employee 108 | C109: =IF(EXACT(MoreEmployees!B9,"NA"),"emp"&A109,LEFT(MoreEmployees!B9,FIND("@",MoreEmployees!B9)-1)) -> newemp108 | D109: =IF(EXACT(MoreEmployees!B9,"NA"),"company.com",MID(MoreEmployees!B9,FIND("@",MoreEmployees!B9)+1,50)) -> company.com | E109: =MoreEmployees!C9 -> HR | F109: =MoreEmployees!D9 -> 45299 | G109: =MoreEmployees!E9 -> 45476 | H109: =MoreEmployees!F9 -> 55509 | I109: =MoreEmployees!G9 -> 0.19 | J109: =H109*I109 -> 10546.71 | K109: =IFERROR(INDEX(DepartmentData!$B$2:$B$6,MATCH(E109,DepartmentData!$A$2:$A$6,0)),"") -> Alice | L109: =IFERROR(INDEX(DepartmentData!$C$2:$C$6,MATCH(E109,DepartmentData!$A$2:$A$6,0)),"") -> Mumbai | M109: =IF(EXACT(MoreEmployees!B9,"NA"),C109&"@"&D109,MoreEmployees!B9) -> newemp108@company.com
A110: =ROW()-1 -> 109 | B110: =MoreEmployees!A10 -> New Employee 109 | C110: =IF(EXACT(MoreEmployees!B10,"NA"),"emp"&A110,LEFT(MoreEmployees!B10,FIND("@",MoreEmployees!B10)-1)) -> newemp109 | D110: =IF(EXACT(MoreEmployees!B10,"NA"),"company.com",MID(MoreEmployees!B10,FIND("@",MoreEmployees!B10)+1,50)) -> company.com | E110: =MoreEmployees!C10 -> HR | F110: =MoreEmployees!D10 -> 45390 | G110: =MoreEmployees!E10 -> 45499 | H110: =MoreEmployees!F10 -> 66698 | I110: =MoreEmployees!G10 -> 0.21 | J110: =H110*I110 -> 14006.58 | K110: =IFERROR(INDEX(DepartmentData!$B$2:$B$6,MATCH(E110,DepartmentData!$A$2:$A$6,0)),"") -> Alice | L110: =IFERROR(INDEX(DepartmentData!$C$2:$C$6,MATCH(E110,DepartmentData!$A$2:$A$6,0)),"") -> Mumbai | M110: =IF(EXACT(MoreEmployees!B10,"NA"),C110&"@"&D110,MoreEmployees!B10) -> newemp109@company.com
A111: =ROW()-1 -> 110 | B111: =MoreEmployees!A11 -> New Employee 110 | C111: =IF(EXACT(MoreEmployees!B11,"NA"),"emp"&A111,LEFT(MoreEmployees!B11,FIND("@",MoreEmployees!B11)-1)) -> newemp110 | D111: =IF(EXACT(MoreEmployees!B11,"NA"),"company.com",MID(MoreEmployees!B11,FIND("@",MoreEmployees!B11)+1,50)) -> company.com | E111: =MoreEmployees!C11 -> IT | F111: =MoreEmployees!D11 -> 45359 | G111: =MoreEmployees!E11 -> 45490 | H111: =MoreEmployees!F11 -> 47087 | I111: =MoreEmployees!G11 -> 0.12 | J111: =H111*I111 -> 5650.44 | K111: =IFERROR(INDEX(DepartmentData!$B$2:$B$6,MATCH(E111,DepartmentData!$A$2:$A$6,0)),"") -> Diana | L111: =IFERROR(INDEX(DepartmentData!$C$2:$C$6,MATCH(E111,DepartmentData!$A$2:$A$6,0)),"") -> Hyderabad | M111: =IF(EXACT(MoreEmployees!B11,"NA"),C111&"@"&D111,MoreEmployees!B11) -> newemp110@company.com

Sheet Sheet2
A1: Department | B1: Department Head | C1: Location
A2: HR | B2: Alice | C2: Mumbai
A3: Sales | B3: Bob | C3: Delhi
A4: Marketing | B4: Charlie | C4: Bangalore
A5: IT | B5: Diana | C5: Hyderabad
A6: Finance | B6: Ethan | C6: Pune

Sheet Sheet3
A1: Full Name | B1: Email | C1: Department | D1: Join Date | E1: End Date | F1: Salary | G1: Bonus %
A2: New Employee 101 | B2: newemp101@company.com | C2: Marketing | D2: 45329 | E2: 45483 | F2: 44688 | G2: 0.21
A3: New Employee 102 | B3: newemp102@company.com | C3: Finance | D3: 45453 | E3: 45475 | F3: 57342 | G3: 0.08
A4: New Employee 103 | B4: newemp103@company.com | C4: Finance | D4: 45299 | E4: 45486 | F4: 69157 | G4: 0.15
A5: New Employee 104 | B5: newemp104@company.com | C5: Sales | D5: 45303 | E5: 45498 | F5: 34327 | G5: 0.19
A6: New Employee 105 | B6: newemp105@company.com | C6: Marketing | D6: 45384 | E6: 45479 | F6: 72772 | G6: 0.22
A7: New Employee 106 | B7: newemp106@company.com | C7: Sales | D7: 45410 | E7: 45497 | F7: 72545 | G7: 0.12
A8: New Employee 107 | B8: newemp107@company.com | C8: Finance | D8: 45445 | E8: 45495 | F8: 32197 | G8: 0.09
A9: New Employee 108 | B9: newemp108@company.com | C9: HR | D9: 45299 | E9: 45476 | F9: 55509 | G9: 0.19
A10: New Employee 109 | B10: newemp109@company.com | C10: HR | D10: 45390 | E10: 45499 | F10: 66698 | G10: 0.21
A11: New Employee 110 | B11: newemp110@company.com | C11: IT | D11: 45359 | E11: 45490 | F11: 47087 | G11: 0.12
